zip_code,x_km,y_km,median_income_k
ZIP001,24.87559093571018,2.770939779749837,61.68963894756101
ZIP002,16.306678318635647,63.71465335296547,63.58479693344899
ZIP003,78.36432556412277,87.6907942711342,84.49638669333132
ZIP004,80.85233888414788,16.563905576389782,84.75516984996369
ZIP005,62.56284278232959,23.385566353262288,87.1774192445097
ZIP006,60.41136332754239,26.11255144717475,87.86935030883362
ZIP007,88.57019031149136,32.26827548432427,85.48602469025296
ZIP008,75.91174678329831,75.452097035906,66.9586498392486
ZIP009,18.110505614124406,8.452374221941394,61.54499488688753
ZIP010,15.016931614283891,99.08107762162643,68.6080404076391
ZIP011,43.567937114395825,14.896651001342331,78.93655484538124
ZIP012,38.52725526500896,87.5353962148444,50.2087607763513
ZIP013,57.57098698077493,3.9268590594816466,72.28030410507972
ZIP014,14.609069445663325,11.253882130148728,65.79030210349849
ZIP015,68.6593018705155,29.084537983917336,119.72498238991277
ZIP016,46.880400506122875,90.2993001836126,82.19500469406881
ZIP017,56.99991476659645,92.03231060767371,64.19539262994074
ZIP018,64.57010148048536,2.0254782965035356,74.03488275492204
ZIP019,72.33406440863502,76.19480690298754,89.23562815068227
ZIP020,68.06707599795607,31.637426110081503,97.1577886320553
ZIP021,18.09171394037925,41.92028303613489,48.644999413315055
ZIP022,11.815848349646341,56.78160990456398,64.08453714997674
ZIP023,24.273439553436816,69.86276702569918,102.17238608299552
ZIP024,0.8183416121430698,3.139636497560838,58.81756723880239
ZIP025,36.00684977113349,0.7759622340355432,62.30931174773189
ZIP026,14.604174530616609,74.71106811226758,81.4488280764092
ZIP027,54.272305703134386,96.78785609421354,70.38457893586484
ZIP028,85.71034377480242,29.009941448079267,102.17026835656465
ZIP029,20.021216458487412,94.21326930059516,66.48631043189809
ZIP030,13.463345870123334,59.11282473862194,56.15416057971465
ZIP031,21.35935606486695,13.539991182696031,47.41794233585267
ZIP032,97.31556538429635,8.816218995638348,72.12485081402006
ZIP033,85.83297869224262,62.94863094338877,86.90684169213097
ZIP034,53.37853219096339,50.463553555705445,106.0613485680532
ZIP035,43.44585909891222,52.230946825479485,92.65800240624766
ZIP036,18.719256650424366,62.84375513591209,85.25307543195903
ZIP037,28.827597995581733,22.54134060483154,58.2418001983697
ZIP038,62.71673310895937,26.188823177529663,78.17135676497531
ZIP039,35.570587151583354,56.247388227799036,92.9150415303113
ZIP040,72.94554143716817,39.14950225764976,110.27082723939745
ZIP041,55.69882332680919,70.80075715980963,90.58272677550126
ZIP042,94.23899531226483,21.354274100323124,83.48553702618999
ZIP043,15.354563302164525,28.545202675969485,47.59912172105531
ZIP044,89.62255928860061,84.76786624992057,81.93537113709554
ZIP045,17.803467095724322,46.157858761444636,79.60527941997981
ZIP046,59.42625178776859,7.439064134197626,85.17999397616877
ZIP047,4.262962777106849,86.00214078203517,64.88858436138634
ZIP048,65.33905473897383,42.02944032207011,93.37303702546518
ZIP049,36.67195504258793,52.49212660689055,83.52306532243539
ZIP050,79.55697723224631,65.17022327613992,88.77610474636599
ZIP051,1.0907046727330783,37.1040855949764,45.29965760600747
ZIP052,48.02770389318432,98.61277958908227,87.17681298630156
ZIP053,9.681013063787914,27.732363524993463,66.49842501284422
ZIP054,12.807294440036731,68.13782099808738,66.37712409840624
ZIP055,81.92242079392031,54.521059132747,86.01536683528317
ZIP056,60.3385784259556,52.71150399161731,88.61564931710538
ZIP057,96.58762082517207,0.7724887406071357,83.3008456457854
ZIP058,69.32007772209192,75.75674644583668,89.89687690018756
ZIP059,97.54580945429197,20.161453131462693,104.22407228495585
ZIP060,51.72967382144137,74.03702502687028,87.8722001714447
ZIP061,52.487465588629,11.475466922164179,56.25728901379433
ZIP062,11.794287378154333,44.58225793631204,67.00563371444198
ZIP063,33.18013886465613,27.8452305000064,75.56355650235682
ZIP064,27.24164335953564,21.04221298923774,62.18311748041067
ZIP065,86.98608377043516,36.51091074306515,101.93714830061218
ZIP066,8.689839687079848,79.57846791560834,56.52550169757388
ZIP067,47.85215592800657,8.977682631740114,77.59887837659305
ZIP068,83.77898351745696,66.09329525179623,82.2100935933976
ZIP069,50.97879964582101,22.29805152974853,84.10784576654287
ZIP070,4.83459820917963,46.08405771303916,78.40385093963812
ZIP071,61.32571666254481,62.05783678434121,95.29448276180074
ZIP072,40.832122480667046,16.001081075819645,67.01022733056905
ZIP073,71.2622939283032,92.85056910725066,69.88179047146446
ZIP074,8.858355638882099,65.02433840659778,65.57916216530157
ZIP075,38.18441536191586,56.28513822256092,94.89735550640299
ZIP076,2.389482613544247,53.61600006055433,55.33653686167936
ZIP077,38.53047099483248,73.8996064497873,99.96021379275035
ZIP078,14.210886403997879,94.23403863981797,68.28438781114222
ZIP079,22.25725399720441,26.956684918419572,61.2578339274548
ZIP080,79.38129264940265,5.267708707103614,95.09601760171057
ZIP081,71.80839738379234,17.092751226360747,77.15755820676324
ZIP082,48.370248091061654,49.38957534252173,115.40392306533045
ZIP083,98.02304834339034,71.14025037967137,95.40796687640031
ZIP084,76.13146677270986,51.681322321972345,106.6585617591717
ZIP085,9.081082270942053,22.49283601181391,60.11825217492394
ZIP086,53.72969396051979,23.01030962968359,91.42437736975187
ZIP087,67.79340356425098,95.40995304725521,79.9877666307681
ZIP088,74.01805976261569,33.599561023477385,115.34225393113601
ZIP089,62.755658516776,68.02750247797934,77.85609284592765
ZIP090,88.32838023788622,73.42259001279872,94.8437569829288
ZIP091,79.9860475035343,38.51524924890002,101.7836157302149
ZIP092,55.39427886087731,52.99956976094548,94.24342262456544
ZIP093,87.05216043587282,11.340585243389445,86.61984411269448
ZIP094,40.92046819728046,45.33404437647716,80.545882621955
ZIP095,6.7217085386541475,5.127701682742359,43.20919455875609
ZIP096,14.114857011550864,39.87442993651283,55.5827859719287
ZIP097,99.7486261159769,91.27682921341204,90.94765103771104
ZIP098,19.689526501123655,45.09716915672879,79.2593130359215
ZIP099,88.78846240944,6.670973655468815,78.88499183577021
ZIP100,64.78467554049107,99.90495515907276,72.31749084250033
