property_id,x_km,y_km,value_k,distance_to_center_km
1,65.22992627009107,63.30999717427955,495.10253398258385,20.22638571202823
2,4.377532363899661,49.38162710396388,372.818189636771,45.62665819721597
3,2.0029586874216854,72.98094636515152,363.88893487991083,53.21503425348255
4,83.921258251103,0.31501527653385875,334.00270534093056,60.160198373252456
5,58.714304758805845,85.42006027165738,269.42911664164745,36.476290615647684
6,22.470523020362442,72.08229884038239,572.1779110572435,35.29164242208554
7,75.17922718186155,53.983811831119176,345.9531623236805,25.492434920610478
8,26.36921974783747,68.156099260013,523.1393030477416,29.800297241226286
9,41.997790971626806,59.3536495836544,740.4336928666751,12.309594220264762
10,45.10313870011089,44.58422741754823,609.8398928040996,7.301359000568867
11,95.53145792212376,49.880478509468965,369.2913108364555,45.531614795665064
12,89.19016691830427,0.6431502092184904,379.38953974595296,63.023549601353935
13,27.863302551894353,65.52539535702176,507.42337050183244,27.03832973578065
14,27.853429777937567,98.31045679093293,369.61305159577955,53.144809793142926
15,42.19995748472628,43.51869431016431,522.5577443770004,10.141399641330286
16,0.40777249859886844,12.68326116842361,341.491909644778,62.06390275816377
17,30.89237677451262,63.69515708823508,580.1064006039263,23.508691860642102
18,95.17540164636145,44.288879787820804,331.67375078940705,45.53497345983676
19,83.82047782684793,16.51684549307336,418.38604751211756,47.59145255369954
20,53.512825709760406,46.99916457427493,686.2626112324573,4.620060358852498
21,48.54885459574876,14.560828141432259,421.9620724096341,35.46886980163562
22,94.51266801507884,81.93769398777734,344.9657575693469,54.78497888178412
23,59.31741874641639,48.345892527877176,461.77150634814615,9.463105390166806
24,94.28679185687103,75.27472109901157,484.4353054650526,50.99148418713305
25,99.78817442741205,11.915215242051502,450.5115653088352,62.684233606814345
26,3.3764654315696196,8.410530653987314,250.27899629907563,62.47749943889041
27,11.856060209234688,84.94758748498103,491.8188502552979,51.7329103548402
28,76.11988379768471,43.500025764853554,289.97300472561534,26.91650041632678
29,12.613746899330602,77.54906172159565,419.4446587614092,46.44009821961619
30,34.184285511856494,9.885679532891857,378.9364552531401,43.119549293891325
31,30.001928979647197,23.67857476476598,423.4188631825018,33.0566221950926
32,55.1045090589723,91.04750897570273,334.22488210167467,41.36367979089295
33,5.061976229843679,11.627354551202751,304.80595328527534,59.09218137034912
34,45.09703793275376,53.76405586500772,612.7690985323087,6.181193540713198
35,55.54165621613222,27.767221961706777,268.5092360152849,22.913017542825088
36,11.917052432185871,30.094021822748584,379.4212076418815,42.97160530683128
37,34.14250860224383,4.977033039246381,425.6671777754168,47.73392491068615
38,50.45517491531475,68.01974891903996,529.2408694223203,18.02549681170462
39,30.39651105723884,4.819146124373264,467.33849288720035,49.25044503006744
40,41.783633515312815,33.58326219045369,427.1811668204386,18.35804887557712
41,41.456100164611286,53.48903733484263,574.2409325599654,9.228846402507793
42,9.331384215685468,97.25491682917016,505.53862682304396,62.345516874463286
43,58.799640058931814,85.22842584527022,320.0738079976859,36.310820049985935
44,7.405586157239141,48.672028247254104,289.5830782732918,42.61510999146275
45,58.05194318922804,81.39231775031006,368.3879209318774,32.40850818626164
46,8.287151595719722,34.80746003089603,363.8899141134155,44.39341159126306
47,53.912381765531215,3.3352654164060636,419.92413106912466,46.8284548627918
48,85.07689829291569,20.696305873962974,375.58326413413795,45.70662187565264
49,28.879626031162474,5.658572866104839,339.34068346395225,49.114482149912604
50,8.274485668843223,32.1941632795159,393.4173287572282,45.3659163636767
51,32.04800922364666,53.219175120398674,478.63738183708244,18.23834042039103
52,42.44991934873933,34.44438381281978,372.87321334327083,17.291064536442054
53,61.2165606729797,52.72372843070895,415.7826690003105,11.542527015124858
54,15.153183039967944,50.72961224695691,411.9656275211261,34.85445432476153
55,0.39613637236188826,26.12092200188809,229.13452128017317,55.05228108652021
56,84.30823134268059,85.23760184646963,414.3694357823672,49.18072103734563
57,45.508931795499585,40.9088939566979,476.42231187488875,10.139916306757097
58,57.36306088212123,20.36940795903287,352.0356815387716,30.531731858053
59,80.13281630564518,55.688981098479715,406.3039566594665,30.665145107248645
60,76.32470379251717,58.84067053637948,337.0937141706319,27.76954240344223
61,86.19340651499014,60.049750200072694,361.47773888235855,37.56274955648471
62,32.19510366706818,72.09590770289056,595.4351281531475,28.376812200124014
63,19.379455343934595,41.83802473921857,435.6191697634573,31.689676476602028
64,1.2703582214631526,17.875997323421387,462.26887703336524,58.36548240038245
65,39.60570512056135,93.22679630575391,322.2944250408001,44.4589393137068
66,60.65051385540762,64.81929751657918,447.86933690053775,18.249521206571956
67,56.65176312346063,13.127317902257962,453.71494801381743,37.46786139789375
68,87.88162192331397,20.368319163599057,335.792997634051,48.09421783053793
69,82.77783230641911,40.638222758068075,407.735901119378,34.0885488666691
70,49.65352894957951,60.45611896366334,548.3184618417113,10.461857673045436
71,12.269102832557877,98.7587603342948,425.6469085776304,61.65255315392293
72,50.0576601815097,23.945353248570754,400.4528199924904,26.054710553723183
73,91.94860890996821,70.9418830854492,392.9658140211711,46.88548023264866
74,88.08558110790476,92.97327114528407,266.6806851514301,57.421368159012864
75,67.40755933063971,38.510703305645876,404.2536044636779,20.857302327497635
76,65.89057397700321,70.66509295591568,466.69461511413203,26.06830274864951
77,82.90321187789993,15.876359415072926,438.64361292934376,47.402997781271786
78,68.70384106747758,41.90615804192057,329.9230398594803,20.379988918540366
79,62.41928509932543,29.549734483622526,339.20194573264826,23.925969198104895
80,40.17615900760681,37.7113959356003,515.6407454501979,15.732693402447198
81,39.95067625640725,28.68530674354468,487.5104542012193,23.564911549172404
82,48.634353792217446,77.9957811529015,404.9963173483487,28.029069765619866
83,88.17298989466322,56.368970626635274,346.2082734900622,38.70065819002311
84,64.15268388187773,79.7269855540138,450.37809397740915,32.92403576703358
85,82.54649403853934,36.883519126351025,350.52712726482036,35.090117479277204
86,50.26808980590268,33.109325452080185,413.14406070988025,16.892801982731438
87,53.64654329128539,32.49025036675538,432.207012742414,17.88543010928528
88,69.87929554986864,24.420013618882464,337.60779913767135,32.39632841568911
89,69.45762780931456,70.55246061909509,401.6924862367661,28.301994937906155
90,21.947345708116618,88.53927559533575,487.41673835529457,47.66788411743451
91,92.69347359169883,18.037445098909586,384.4409910095993,53.33233168660737
92,22.467368301906955,3.6845680460818375,443.0352533020801,53.88102676546598
93,65.81742890081223,5.76591073796463,334.45878774857704,46.977076429615785
94,36.235506032552045,4.278749876440136,342.6624344525767,47.748235643225954
95,28.150131942344803,48.92140987024198,481.89366650245154,21.87647345448878
96,99.32259937973316,76.78753732561927,449.68781438284657,56.12745286885109
97,67.9530853235901,34.15998233103043,473.4729827572067,23.94200142823015
98,28.33592997759844,40.3881636762781,473.6053196255673,23.700618714487977
99,72.71890224959492,89.26448755155934,271.5945717914843,45.36351509873554
100,75.26510438202439,91.71289970815128,291.2677217754147,48.76773012450831
101,36.286850668245826,8.497896400078076,386.03940374897206,43.70898154628683
102,93.31646641626133,25.256653897768565,316.5208420316468,49.88536297478357
103,96.94851310441403,98.43938223674994,279.3752117544733,67.45766549617102
104,26.542249642364645,79.61712860934875,563.7450015629532,37.781481692806146
105,73.06887180473518,90.86033722051813,336.74194059493004,46.92270243834817
106,20.190040542923736,80.36140702218525,631.7536654479235,42.54936802350101
107,21.841921651114593,41.776703987742934,511.350598059141,29.33427983788203
108,77.26449358666349,52.551225996237626,360.7964577672758,27.383596634136527
109,94.52157625467862,70.32497490543817,402.7985878177766,48.94155041585682
110,49.597075439974795,70.18423852713038,487.86061054969133,20.188259784368878
111,31.403129579661503,56.0808728916427,434.2850532171732,19.565801914441842
112,28.230689832129375,0.746930342397778,363.5989604777682,53.84949150996295
113,45.379242503598384,96.9038716018655,361.7156039890662,47.13093008932496
114,64.02806633223153,34.545330804205186,448.21773678656103,20.871833771207957
115,91.89895699150928,5.316000594339698,452.17696295274163,61.255060198006454
116,74.75190889753858,63.817275051699994,325.4423932138716,28.347382311712327
117,87.9560586894266,55.29348658857148,358.72049275526155,38.323405270129406
118,75.88352918965627,60.6684800293347,367.4290617130444,27.995955948102605
119,43.03923741765796,78.85123019971769,467.99170509387613,29.679044791988087
120,95.3453021379346,10.156736945789092,436.6936053610108,60.3629193858914
121,60.702548282038315,91.02805564564117,244.63475170638515,42.40101283921399
122,45.32030299080302,74.32300969612174,530.9335765117751,24.76910100862604
123,67.85976593480103,24.16193655537976,311.5809314709858,31.409819512599878
124,75.34502593737913,57.693509551847065,359.3964766460244,26.486986030705403
125,57.13454260675248,91.29393087097482,310.3755034379152,41.90573260288399
126,48.33496213931991,42.77483919702764,575.831324058815,7.414533006623299
127,91.38837871577363,69.66213314708479,381.58373425224295,45.8213637140362
128,50.79088051028411,73.5628470526165,504.63220099583623,23.57611616035486
129,53.80506303831891,82.63966974507466,406.6187910261183,32.86071432262425
130,93.66418793598638,48.48492860607158,327.490245983214,43.69046520051988
131,96.11488728728908,62.78355955176379,328.8926956904809,47.853967696867805
132,65.18086078725148,54.90832884128998,399.0968939831221,15.954630245046374
133,42.821135506763696,45.63110885743302,528.79961267177,8.403767323519206
134,14.471262495508007,20.26759803062721,414.6945810258976,46.32825180741724
135,9.949524478949556,44.07875203323989,332.27672773331204,40.485821801540865
136,30.438474935042937,40.651346865335846,512.2205024632491,21.68064985878443
137,0.9962742279029602,21.210289216823696,346.5160934436545,56.83495919349134
138,84.81377700897647,3.1863591168951433,308.6526516675,58.33966097230122
139,22.370561430488888,50.143831673714864,514.0007295070126,27.629812942123802
140,15.942488959614687,59.10954999239687,352.8872723019902,35.25475796725806
141,49.20140374685192,92.23570198756995,372.46817530150696,42.24325127589451
142,63.92336476175782,56.286367011525286,407.03981735372696,15.276730556390417
143,4.03407689069637,38.75000367068656,404.69692765460786,47.32260035860223
144,12.739325754774777,0.2220497064125082,441.4764776131013,62.17879204873361
145,95.98115485820765,8.766880435683133,379.6664322266233,61.7611265368413
146,61.0046323149103,25.106981927799442,408.55730126727616,27.216985158706898
147,93.29524524176553,43.18285753881531,219.53861481259906,43.82866290318138
148,21.08822792459073,17.096863887656898,461.8541457014809,43.80076404091363
149,80.03290384782277,86.61997694698256,329.6571438483747,47.36030009543966
150,14.63232119471799,2.4030446993793864,361.10820482296185,59.29875932903547
151,62.088736353331555,59.04576894041034,498.0180421135602,15.098459601682958
152,80.42967920853681,69.44812150781988,423.6006542753661,36.11363740911989
153,16.802044330431798,31.048195214202103,428.0316230891963,38.22662900750742
154,9.119957189816574,56.472053617805464,403.16783882236564,41.389193978551674
155,64.64790398701439,76.71470708925578,425.4946834852476,30.46697664812715
156,47.90430049402198,78.41336775628892,423.90440984398964,28.49054972571564
157,53.80425919682863,17.88968681891553,384.4466892171388,32.334882103140295
158,69.39583464977804,72.8024130541869,329.47392703185454,29.935738555366953
159,84.71118623340945,91.233620755503,150.0,53.898774850075036
160,63.70122527686182,9.369240123794963,357.68728639926996,42.87869193673182
161,83.10113739841695,34.550120930872765,362.88301399664243,36.52922200539635
162,97.37461529080619,87.88576141630737,319.7433983149374,60.66040794492939
163,98.89508467594096,22.61612068496488,293.61364911453256,56.04111126492626
164,39.26930117910601,18.988473452114572,465.8773487446752,32.815585870359506
165,24.177873361174274,91.27966661359773,394.45336500546745,48.69079070914055
166,86.27649168992943,69.73969998874442,345.52934757734624,41.299389886233854
167,33.03682673526964,37.199792881964235,387.65683184108684,21.25075409188757
168,80.62421221481516,94.19076675820833,333.5398578455984,53.764916446102696
169,20.165600620861746,83.63542503215268,413.1437500869443,44.9603514600085
170,17.489232918413265,56.50738651491225,427.1166015781617,33.15563384234488
171,43.38611706832635,81.55535437982518,404.2598839175975,32.24102723968695
172,39.17885233921501,59.173200203185935,625.7809104617604,14.18607904476226
173,8.157375203885165,57.60301592052652,420.00710384568,42.52776858613938
174,95.85659265929863,29.59107535578134,305.0187485106471,50.19313992423901
175,32.41756149019442,60.64646448316871,547.9929915981344,20.554545724546358
176,11.572699093142125,1.7193334941563054,304.11327528250206,61.70640334061529
177,24.693420231655715,73.86493553088212,587.9131299048894,34.784452381268444
178,7.311396706189921,80.46356826263178,369.6580114875038,52.443739783393774
179,56.10433669798781,18.27452394153265,362.19945560152496,32.30741025923907
180,79.39325249043846,30.22987576321352,378.48249913212265,35.423454155469344
181,67.00677860107692,22.071185641682135,335.87699486334,32.69937598559688
182,39.9285270173637,2.9973116175520453,404.2183156438182,48.069608727526386
183,78.47531370229757,34.065797555031395,316.82234853836735,32.63038917943669
184,41.99905251142878,42.813426437373124,434.0674687189496,10.754626924534465
185,0.6924847514322097,79.32843509835058,246.1311952149412,57.370621099182
186,40.75238952406327,80.26162783662201,455.1107191805939,31.643078529701736
187,11.5833608640296,57.41312187073907,405.3651422998778,39.12534393936752
188,14.752369658253539,23.19915496305588,400.0969027616008,44.279574742794196
189,14.181222799663562,74.67689513867535,442.01193784932394,43.49636713350347
190,29.92482461360966,7.220947140512934,471.6822002109592,47.255264578130564
191,33.01543624873452,76.40228403298306,494.15265222022515,31.393566346930285
192,58.06326793811548,30.699301020459558,475.97791491568034,20.917295975834797
193,93.40653397107221,98.40394517458347,286.02016864775567,65.01591420449249
194,58.77064132057242,28.102456845135826,329.3610398966306,23.588695288066933
195,84.35098072007378,30.42540871407874,334.68271563962685,39.53674873382668
196,97.85666018369754,87.44622492149867,351.1952701015285,60.765777250104925
197,52.68407098826384,26.271573189578568,389.57220957617244,23.879750333024134
198,10.238840309870778,89.70538614435745,617.2852322732978,56.19134727675151
199,4.890339582455006,2.120592467305016,380.7801211073748,65.78236183558717
200,84.3004392644529,97.66038772562862,317.4402195728005,58.71995139551526
